{"cameraMode":{"drawMode":0,"name":"Shaded","section":"Shading Mode"},"sceneLighting":true,"audioPlay":false,"sceneViewState":{"showFog":true,"showMaterialUpdate":false,"showSkybox":true,"showFlares":true,"showImageEffects":true,"showParticleSystems":true,"showVisualEffectGraphs":true,"m_FxEnabled":true},"in2DMode":false,"pivot":{"x":-11.521153450012207,"y":-1.1249804496765137,"z":-20.613649368286134},"rotation":{"x":0.07201071083545685,"y":-0.8664001226425171,"z":0.13094370067119599,"w":0.47646692395210268},"size":4.089561939239502,"orthographic":false}