{"cameraMode":{"drawMode":0,"name":"Shaded","section":"Shading Mode"},"sceneLighting":false,"audioPlay":false,"sceneViewState":{"showFog":true,"showMaterialUpdate":false,"showSkybox":false,"showFlares":true,"showImageEffects":true,"showParticleSystems":true,"showVisualEffectGraphs":true,"m_FxEnabled":true},"in2DMode":false,"pivot":{"x":-6.699999809265137,"y":0.4694701135158539,"z":-18.360000610351564},"rotation":{"x":0.07201071083545685,"y":-0.8664001226425171,"z":0.13094370067119599,"w":0.47646692395210268},"size":0.7367731332778931,"orthographic":false}