{"cameraMode":{"drawMode":0,"name":"Shaded","section":"Shading Mode"},"sceneLighting":false,"audioPlay":false,"sceneViewState":{"showFog":true,"showMaterialUpdate":false,"showSkybox":false,"showFlares":true,"showImageEffects":true,"showParticleSystems":true,"showVisualEffectGraphs":true,"m_FxEnabled":true},"in2DMode":false,"pivot":{"x":0.023720979690551759,"y":0.6581507921218872,"z":0.0069792866706848148},"rotation":{"x":0.04773598164319992,"y":-0.8821130394935608,"z":0.09162622690200806,"w":0.45956963300704958},"size":0.7493734955787659,"orthographic":false}