{"cameraMode":{"drawMode":0,"name":"Shaded","section":"Shading Mode"},"sceneLighting":true,"audioPlay":false,"sceneViewState":{"showFog":true,"showMaterialUpdate":false,"showSkybox":false,"showFlares":true,"showImageEffects":true,"showParticleSystems":true,"showVisualEffectGraphs":true,"m_FxEnabled":true},"in2DMode":false,"pivot":{"x":-5.503579139709473,"y":4.391620635986328,"z":-0.39992666244506838},"rotation":{"x":0.07201071083545685,"y":-0.8664001226425171,"z":0.13094370067119599,"w":0.47646692395210268},"size":10.326652526855469,"orthographic":false}