{"cameraMode":{"drawMode":0,"name":"Shaded","section":"Shading Mode"},"sceneLighting":false,"audioPlay":false,"sceneViewState":{"showFog":true,"showMaterialUpdate":false,"showSkybox":false,"showFlares":true,"showImageEffects":true,"showParticleSystems":true,"showVisualEffectGraphs":true,"m_FxEnabled":true},"in2DMode":false,"pivot":{"x":-12.643366813659668,"y":0.5796847343444824,"z":-7.984603404998779},"rotation":{"x":-0.05995556339621544,"y":0.016764836385846139,"z":-0.0010076711187139154,"w":-0.9980624914169312},"size":2.3946588039398195,"orthographic":false}