{"cameraMode":{"drawMode":0,"name":"Shaded","section":"Shading Mode"},"sceneLighting":false,"audioPlay":false,"sceneViewState":{"showFog":true,"showMaterialUpdate":false,"showSkybox":false,"showFlares":true,"showImageEffects":true,"showParticleSystems":true,"showVisualEffectGraphs":true,"m_FxEnabled":true},"in2DMode":false,"pivot":{"x":5.382420539855957,"y":1.6409480571746827,"z":0.24732542037963868},"rotation":{"x":-0.05397055298089981,"y":0.010779889300465584,"z":-0.0005832627648487687,"w":-0.9984871745109558},"size":2.9025790691375734,"orthographic":false}